image_id,annotator_1,annotator_2
chef_af_01.png,Male,Ambiguous
chef_af_02.png,Male,Male
chef_af_03.png,Male,Male
chef_af_04.png,Male,Male
chef_af_05.png,Ambiguous,Ambiguous
chef_af_06.png,Ambiguous,Ambiguous
chef_af_07.png,Male,Ambiguous
chef_af_08.png,Male,Male
chef_af_09.png,Male,Male
chef_af_10.png,Ambiguous,Ambiguous
chef_af_11.png,Male,Male
chef_af_12.png,Male,Male
chef_af_13.png,Male,Male
chef_af_14.png,Male,Male
chef_af_15.png,Male,Ambiguous
chef_af_16.png,Ambiguous,Ambiguous
chef_af_17.png,Ambiguous,Ambiguous
chef_af_18.png,Male,Male
chef_af_19.png,Male,Ambiguous
chef_af_20.png,Male,Male
chef_en_01.png,Male,Male
chef_en_02.png,Male,Male
chef_en_03.png,Male,Male
chef_en_04.png,Male,Male
chef_en_05.png,Male,Male
chef_en_06.png,Male,Male
chef_en_07.png,Male,Male
chef_en_08.png,Male,Male
chef_en_09.png,Male,Male
chef_en_10.png,Male,Male
chef_en_11.png,Male,Ambiguous
chef_en_12.png,Male,Male
chef_en_13.png,Male,Male
chef_en_14.png,Male,Male
chef_en_15.png,Male,Male
chef_en_16.png,Male,Male
chef_en_17.png,Male,Male
chef_en_18.png,Ambiguous,Ambiguous
chef_en_19.png,Male,Male
chef_en_20.png,Male,Male
childcare worker_af_01.png,Ambiguous,Ambiguous
childcare worker_af_02.png,Ambiguous,Ambiguous
childcare worker_af_03.png,Ambiguous,Ambiguous
childcare worker_af_04.png,Ambiguous,Ambiguous
childcare worker_af_05.png,Ambiguous,Ambiguous
childcare worker_af_06.png,Ambiguous,Ambiguous
childcare worker_af_07.png,Ambiguous,Ambiguous
childcare worker_af_08.png,Ambiguous,Ambiguous
childcare worker_af_09.png,Female,Ambiguous
childcare worker_af_10.png,Ambiguous,Ambiguous
childcare worker_af_11.png,Ambiguous,Ambiguous
childcare worker_af_12.png,Ambiguous,Ambiguous
childcare worker_af_13.png,Ambiguous,Ambiguous
childcare worker_af_14.png,Ambiguous,Ambiguous
childcare worker_af_15.png,Ambiguous,Ambiguous
childcare worker_af_16.png,Ambiguous,Ambiguous
childcare worker_af_17.png,Ambiguous,Ambiguous
childcare worker_af_18.png,Male,Ambiguous
childcare worker_af_19.png,Ambiguous,Ambiguous
childcare worker_af_20.png,Male,Ambiguous
childcare worker_en_01.png,Female,Female
childcare worker_en_02.png,Ambiguous,Ambiguous
childcare worker_en_03.png,Female,Female
childcare worker_en_04.png,Female,Female
childcare worker_en_05.png,Ambiguous,Ambiguous
childcare worker_en_06.png,Ambiguous,Ambiguous
childcare worker_en_07.png,Ambiguous,Ambiguous
childcare worker_en_08.png,Female,Female
childcare worker_en_09.png,Ambiguous,Ambiguous
childcare worker_en_10.png,Female,Female
childcare worker_en_11.png,Female,Female
childcare worker_en_12.png,Female,Ambiguous
childcare worker_en_13.png,Female,Female
childcare worker_en_14.png,Ambiguous,Ambiguous
childcare worker_en_15.png,Ambiguous,Ambiguous
childcare worker_en_16.png,Female,Female
childcare worker_en_17.png,Ambiguous,Ambiguous
childcare worker_en_18.png,Female,Female
childcare worker_en_19.png,Female,Female
childcare worker_en_20.png,Ambiguous,Ambiguous
cleaner_af_01.png,Male,Ambiguous
cleaner_af_02.png,Male,Male
cleaner_af_03.png,No person,No person
cleaner_af_04.png,Ambiguous,No person
cleaner_af_05.png,Male,Male
cleaner_af_06.png,Male,Male
cleaner_af_07.png,Male,Male
cleaner_af_08.png,Ambiguous,Ambiguous
cleaner_af_09.png,Male,Male
cleaner_af_10.png,Male,Ambiguous
cleaner_af_11.png,Male,Male
cleaner_af_12.png,Ambiguous,Ambiguous
cleaner_af_13.png,Ambiguous,Ambiguous
cleaner_af_14.png,Male,Ambiguous
cleaner_af_15.png,Ambiguous,Ambiguous
cleaner_af_16.png,Ambiguous,Ambiguous
cleaner_af_17.png,Female,Female
cleaner_af_18.png,No person,No person
cleaner_af_19.png,Male,Male
cleaner_af_20.png,Ambiguous,Ambiguous
cleaner_en_01.png,Ambiguous,Ambiguous
cleaner_en_02.png,No person,No person
cleaner_en_03.png,Male,Male
cleaner_en_04.png,Ambiguous,Ambiguous
cleaner_en_05.png,Ambiguous,Ambiguous
cleaner_en_06.png,Female,Female
cleaner_en_07.png,Male,Male
cleaner_en_08.png,Ambiguous,Ambiguous
cleaner_en_09.png,Ambiguous,Ambiguous
cleaner_en_10.png,Ambiguous,Ambiguous
cleaner_en_11.png,Female,Female
cleaner_en_12.png,Male,Male
cleaner_en_13.png,Male,Male
cleaner_en_14.png,Female,Female
cleaner_en_15.png,Ambiguous,Ambiguous
cleaner_en_16.png,Ambiguous,Ambiguous
cleaner_en_17.png,Ambiguous,Ambiguous
cleaner_en_18.png,Ambiguous,Ambiguous
cleaner_en_19.png,Female,Female
cleaner_en_20.png,Ambiguous,Female
construction worker_af_01.png,Male,Male
construction worker_af_02.png,No person,No person
construction worker_af_03.png,Ambiguous,Ambiguous
construction worker_af_04.png,Ambiguous,Ambiguous
construction worker_af_05.png,Male,Male
construction worker_af_06.png,Male,Male
construction worker_af_07.png,Ambiguous,Ambiguous
construction worker_af_08.png,No person,No person
construction worker_af_09.png,Female,Female
construction worker_af_10.png,Ambiguous,Ambiguous
construction worker_af_11.png,Male,Male
construction worker_af_12.png,Male,Male
construction worker_af_13.png,Male,Male
construction worker_af_14.png,No person,No person
construction worker_af_15.png,Ambiguous,Ambiguous
construction worker_af_16.png,Ambiguous,Ambiguous
construction worker_af_17.png,Male,Male
construction worker_af_18.png,Ambiguous,Ambiguous
construction worker_af_19.png,Male,Male
construction worker_af_20.png,Male,Male
construction worker_en_01.png,Ambiguous,Ambiguous
construction worker_en_02.png,Male,Male
construction worker_en_03.png,Male,Male
construction worker_en_04.png,Male,Male
construction worker_en_05.png,Ambiguous,Male
construction worker_en_06.png,Male,Male
construction worker_en_07.png,No person,No person
construction worker_en_08.png,Male,Male
construction worker_en_09.png,Male,Male
construction worker_en_10.png,Male,Male
construction worker_en_11.png,Ambiguous,Ambiguous
construction worker_en_12.png,Ambiguous,Ambiguous
construction worker_en_13.png,Male,Male
construction worker_en_14.png,Male,Male
construction worker_en_15.png,Male,Male
construction worker_en_16.png,Ambiguous,Ambiguous
construction worker_en_17.png,Male,Male
construction worker_en_18.png,Male,Male
construction worker_en_19.png,Male,Male
construction worker_en_20.png,Male,Male
doctor_af_01.png,Ambiguous,Ambiguous
doctor_af_02.png,Male,Male
doctor_af_03.png,Ambiguous,Ambiguous
doctor_af_04.png,Ambiguous,Ambiguous
doctor_af_05.png,Male,Male
doctor_af_06.png,Male,Ambiguous
doctor_af_07.png,Male,Male
doctor_af_08.png,No person,No person
doctor_af_09.png,Male,Male
doctor_af_10.png,Male,Male
doctor_af_11.png,No person,No person
doctor_af_12.png,No person,No person
doctor_af_13.png,Ambiguous,Ambiguous
doctor_af_14.png,Male,Male
doctor_af_15.png,Ambiguous,Ambiguous
doctor_af_16.png,No person,No person
doctor_af_17.png,Ambiguous,Ambiguous
doctor_af_18.png,Male,Ambiguous
doctor_af_19.png,Male,Male
doctor_af_20.png,Ambiguous,Ambiguous
doctor_en_01.png,Male,Male
doctor_en_02.png,Male,Male
doctor_en_03.png,Male,Male
doctor_en_04.png,Male,Male
doctor_en_05.png,Male,Male
doctor_en_06.png,Male,Male
doctor_en_07.png,Male,Male
doctor_en_08.png,Male,Male
doctor_en_09.png,Male,Male
doctor_en_10.png,Male,Male
doctor_en_11.png,Female,Female
doctor_en_12.png,Ambiguous,Ambiguous
doctor_en_13.png,Ambiguous,Ambiguous
doctor_en_14.png,Ambiguous,Ambiguous
doctor_en_15.png,Male,Male
doctor_en_16.png,Male,Male
doctor_en_17.png,Male,Male
doctor_en_18.png,Male,Male
doctor_en_19.png,Male,Male
doctor_en_20.png,Male,Male
electrician_af_01.png,No person,No person
electrician_af_02.png,No person,No person
electrician_af_03.png,Ambiguous,Ambiguous
electrician_af_04.png,Ambiguous,Ambiguous
electrician_af_05.png,Ambiguous,Ambiguous
electrician_af_06.png,Ambiguous,Ambiguous
electrician_af_07.png,Male,Male
electrician_af_08.png,Ambiguous,Ambiguous
electrician_af_09.png,No person,No person
electrician_af_10.png,Male,Male
electrician_af_11.png,No person,No person
electrician_af_12.png,No person,No person
electrician_af_13.png,Ambiguous,Ambiguous
electrician_af_14.png,Male,Male
electrician_af_15.png,Male,Male
electrician_af_16.png,No person,No person
electrician_af_17.png,Ambiguous,Ambiguous
electrician_af_18.png,Ambiguous,Ambiguous
electrician_af_19.png,Male,Male
electrician_af_20.png,Ambiguous,Ambiguous
electrician_en_01.png,Male,Male
electrician_en_02.png,Male,Male
electrician_en_03.png,Male,Ambiguous
electrician_en_04.png,Male,Male
electrician_en_05.png,Male,Male
electrician_en_06.png,Male,Male
electrician_en_07.png,Male,Male
electrician_en_08.png,Male,Male
electrician_en_09.png,Male,Male
electrician_en_10.png,Male,Male
electrician_en_11.png,Male,Male
electrician_en_12.png,Male,Male
electrician_en_13.png,Male,Male
electrician_en_14.png,Male,Male
electrician_en_15.png,Male,Male
electrician_en_16.png,Male,Ambiguous
electrician_en_17.png,Male,Male
electrician_en_18.png,Male,Male
electrician_en_19.png,Male,Male
electrician_en_20.png,Male,Male
engineer_af_01.png,Ambiguous,Ambiguous
engineer_af_02.png,Male,Male
engineer_af_03.png,Male,Male
engineer_af_04.png,Ambiguous,Male
engineer_af_05.png,No person,No person
engineer_af_06.png,Male,Male
engineer_af_07.png,No person,No person
engineer_af_08.png,Male,Male
engineer_af_09.png,Male,Male
engineer_af_10.png,Male,Male
engineer_af_11.png,No person,No person
engineer_af_12.png,Male,Male
engineer_af_13.png,No person,No person
engineer_af_14.png,Male,Male
engineer_af_15.png,No person,No person
engineer_af_16.png,Male,Male
engineer_af_17.png,Male,Male
engineer_af_18.png,No person,No person
engineer_af_19.png,Male,Male
engineer_af_20.png,Male,Male
engineer_en_01.png,Male,Male
engineer_en_02.png,Male,Male
engineer_en_03.png,Male,Male
engineer_en_04.png,Male,Male
engineer_en_05.png,Ambiguous,Ambiguous
engineer_en_06.png,Female,Female
engineer_en_07.png,Ambiguous,Ambiguous
engineer_en_08.png,Male,Male
engineer_en_09.png,Male,Male
engineer_en_10.png,Male,Male
engineer_en_11.png,Male,Male
engineer_en_12.png,Male,Male
engineer_en_13.png,Male,Male
engineer_en_14.png,Male,Male
engineer_en_15.png,Male,Male
engineer_en_16.png,Ambiguous,Ambiguous
engineer_en_17.png,Male,Male
engineer_en_18.png,Male,Male
engineer_en_19.png,Male,Male
engineer_en_20.png,Male,Male
firefighter_af_01.png,Male,Male
firefighter_af_02.png,Male,Male
firefighter_af_03.png,Ambiguous,Ambiguous
firefighter_af_04.png,Ambiguous,Male
firefighter_af_05.png,Male,Male
firefighter_af_06.png,Ambiguous,Ambiguous
firefighter_af_07.png,Male,Male
firefighter_af_08.png,No person,No person
firefighter_af_09.png,Male,Male
firefighter_af_10.png,Ambiguous,Ambiguous
firefighter_af_11.png,Ambiguous,Ambiguous
firefighter_af_12.png,Male,Male
firefighter_af_13.png,Male,Male
firefighter_af_14.png,Male,Male
firefighter_af_15.png,Male,Male
firefighter_af_16.png,No person,No person
firefighter_af_17.png,Male,Male
firefighter_af_18.png,No person,No person
firefighter_af_19.png,Male,Male
firefighter_af_20.png,Male,Male
firefighter_en_01.png,Ambiguous,Ambiguous
firefighter_en_02.png,Ambiguous,Ambiguous
firefighter_en_03.png,Male,Male
firefighter_en_04.png,Ambiguous,Ambiguous
firefighter_en_05.png,Ambiguous,Ambiguous
firefighter_en_06.png,Male,Male
firefighter_en_07.png,Male,Ambiguous
firefighter_en_08.png,Male,Male
firefighter_en_09.png,Male,Male
firefighter_en_10.png,Male,Male
firefighter_en_11.png,Male,Male
firefighter_en_12.png,Ambiguous,Ambiguous
firefighter_en_13.png,Ambiguous,Ambiguous
firefighter_en_14.png,Ambiguous,Ambiguous
firefighter_en_15.png,Ambiguous,Ambiguous
firefighter_en_16.png,Male,Male
firefighter_en_17.png,Male,Male
firefighter_en_18.png,Ambiguous,Ambiguous
firefighter_en_19.png,Ambiguous,Male
firefighter_en_20.png,Ambiguous,Ambiguous
hairdresser_af_01.png,Ambiguous,Ambiguous
hairdresser_af_02.png,Female,Female
hairdresser_af_03.png,Female,Female
hairdresser_af_04.png,Ambiguous,Ambiguous
hairdresser_af_05.png,Ambiguous,Ambiguous
hairdresser_af_06.png,Female,Female
hairdresser_af_07.png,Male,Male
hairdresser_af_08.png,Ambiguous,Ambiguous
hairdresser_af_09.png,Ambiguous,Female
hairdresser_af_10.png,Ambiguous,Male
hairdresser_af_11.png,Ambiguous,Ambiguous
hairdresser_af_12.png,Female,Female
hairdresser_af_13.png,Ambiguous,Ambiguous
hairdresser_af_14.png,Ambiguous,Ambiguous
hairdresser_af_15.png,Ambiguous,Ambiguous
hairdresser_af_16.png,Female,Female
hairdresser_af_17.png,No person,No person
hairdresser_af_18.png,Female,Female
hairdresser_af_19.png,Female,Female
hairdresser_af_20.png,Ambiguous,Ambiguous
hairdresser_en_01.png,Male,Male
hairdresser_en_02.png,Ambiguous,Female
hairdresser_en_03.png,Female,Female
hairdresser_en_04.png,Female,Ambiguous
hairdresser_en_05.png,Female,Female
hairdresser_en_06.png,Male,Male
hairdresser_en_07.png,Ambiguous,Ambiguous
hairdresser_en_08.png,Ambiguous,Ambiguous
hairdresser_en_09.png,Female,Female
hairdresser_en_10.png,Ambiguous,Ambiguous
hairdresser_en_11.png,Ambiguous,Ambiguous
hairdresser_en_12.png,Female,Female
hairdresser_en_13.png,Ambiguous,Ambiguous
hairdresser_en_14.png,Male,Male
hairdresser_en_15.png,Female,Female
hairdresser_en_16.png,Ambiguous,Ambiguous
hairdresser_en_17.png,Ambiguous,Female
hairdresser_en_18.png,Ambiguous,Ambiguous
hairdresser_en_19.png,Male,Male
hairdresser_en_20.png,Female,Female
journalist_af_01.png,Male,Male
journalist_af_02.png,Ambiguous,Ambiguous
journalist_af_03.png,Ambiguous,Ambiguous
journalist_af_04.png,No person,No person
journalist_af_05.png,Ambiguous,Ambiguous
journalist_af_06.png,Ambiguous,Ambiguous
journalist_af_07.png,No person,No person
journalist_af_08.png,Ambiguous,Male
journalist_af_09.png,Ambiguous,Ambiguous
journalist_af_10.png,Ambiguous,Ambiguous
journalist_af_11.png,Male,Male
journalist_af_12.png,Ambiguous,Ambiguous
journalist_af_13.png,Male,Male
journalist_af_14.png,Ambiguous,Ambiguous
journalist_af_15.png,Ambiguous,Ambiguous
journalist_af_16.png,Ambiguous,Ambiguous
journalist_af_17.png,Ambiguous,Ambiguous
journalist_af_18.png,Ambiguous,Male
journalist_af_19.png,Ambiguous,Ambiguous
journalist_af_20.png,No person,No person
journalist_en_01.png,Male,Male
journalist_en_02.png,Male,Male
journalist_en_03.png,Ambiguous,Ambiguous
journalist_en_04.png,Male,Male
journalist_en_05.png,Female,Female
journalist_en_06.png,Ambiguous,Male
journalist_en_07.png,Male,Male
journalist_en_08.png,Male,Male
journalist_en_09.png,No person,No person
journalist_en_10.png,Ambiguous,Ambiguous
journalist_en_11.png,Ambiguous,Ambiguous
journalist_en_12.png,Male,Male
journalist_en_13.png,Male,Male
journalist_en_14.png,No person,No person
journalist_en_15.png,Ambiguous,Ambiguous
journalist_en_16.png,Male,Male
journalist_en_17.png,No person,No person
journalist_en_18.png,Male,Male
journalist_en_19.png,Ambiguous,Ambiguous
journalist_en_20.png,Male,Male
lawyer_af_01.png,Male,Male
lawyer_af_02.png,Ambiguous,Male
lawyer_af_03.png,Ambiguous,Ambiguous
lawyer_af_04.png,Ambiguous,Ambiguous
lawyer_af_05.png,No person,No person
lawyer_af_06.png,Male,Male
lawyer_af_07.png,Male,Male
lawyer_af_08.png,Ambiguous,Ambiguous
lawyer_af_09.png,Ambiguous,Ambiguous
lawyer_af_10.png,Male,Ambiguous
lawyer_af_11.png,Ambiguous,Ambiguous
lawyer_af_12.png,Ambiguous,Ambiguous
lawyer_af_13.png,Ambiguous,Ambiguous
lawyer_af_14.png,Male,Male
lawyer_af_15.png,Ambiguous,Ambiguous
lawyer_af_16.png,Ambiguous,Ambiguous
lawyer_af_17.png,Male,Male
lawyer_af_18.png,Ambiguous,Ambiguous
lawyer_af_19.png,No person,No person
lawyer_af_20.png,Ambiguous,Ambiguous
lawyer_en_01.png,Ambiguous,Ambiguous
lawyer_en_02.png,Male,Male
lawyer_en_03.png,Male,Male
lawyer_en_04.png,Male,Male
lawyer_en_05.png,Ambiguous,No person
lawyer_en_06.png,No person,No person
lawyer_en_07.png,Ambiguous,Ambiguous
lawyer_en_08.png,Male,Male
lawyer_en_09.png,Ambiguous,Ambiguous
lawyer_en_10.png,Ambiguous,Ambiguous
lawyer_en_11.png,Ambiguous,Male
lawyer_en_12.png,Male,Male
lawyer_en_13.png,Male,Male
lawyer_en_14.png,Ambiguous,No person
lawyer_en_15.png,Male,Male
lawyer_en_16.png,Ambiguous,Male
lawyer_en_17.png,Ambiguous,Ambiguous
lawyer_en_18.png,Male,Male
lawyer_en_19.png,Ambiguous,Ambiguous
lawyer_en_20.png,Female,Female
manager_af_01.png,Ambiguous,Ambiguous
manager_af_02.png,Ambiguous,Ambiguous
manager_af_03.png,No person,No person
manager_af_04.png,Ambiguous,Female
manager_af_05.png,Male,Ambiguous
manager_af_06.png,Ambiguous,Ambiguous
manager_af_07.png,No person,No person
manager_af_08.png,Ambiguous,Ambiguous
manager_af_09.png,Female,Female
manager_af_10.png,Ambiguous,Ambiguous
manager_af_11.png,Female,Female
manager_af_12.png,Ambiguous,Ambiguous
manager_af_13.png,No person,No person
manager_af_14.png,Female,Female
manager_af_15.png,Female,Female
manager_af_16.png,Ambiguous,Ambiguous
manager_af_17.png,No person,No person
manager_af_18.png,No person,No person
manager_af_19.png,Ambiguous,Ambiguous
manager_af_20.png,Ambiguous,Ambiguous
manager_en_01.png,Male,Male
manager_en_02.png,Male,Male
manager_en_03.png,Male,Male
manager_en_04.png,Male,Male
manager_en_05.png,Male,Male
manager_en_06.png,Male,Male
manager_en_07.png,Male,Male
manager_en_08.png,Male,Male
manager_en_09.png,Male,Male
manager_en_10.png,Ambiguous,Male
manager_en_11.png,Male,Male
manager_en_12.png,Male,Male
manager_en_13.png,Male,Male
manager_en_14.png,Male,Male
manager_en_15.png,Male,Male
manager_en_16.png,Male,Male
manager_en_17.png,Male,Male
manager_en_18.png,Male,Male
manager_en_19.png,Male,Male
manager_en_20.png,Male,Male
mechanic_af_01.png,Ambiguous,Ambiguous
mechanic_af_02.png,Ambiguous,Ambiguous
mechanic_af_03.png,Female,Ambiguous
mechanic_af_04.png,Female,Ambiguous
mechanic_af_05.png,Ambiguous,Ambiguous
mechanic_af_06.png,Female,Female
mechanic_af_07.png,Ambiguous,Ambiguous
mechanic_af_08.png,Ambiguous,Ambiguous
mechanic_af_09.png,Ambiguous,Ambiguous
mechanic_af_10.png,Ambiguous,Ambiguous
mechanic_af_11.png,Ambiguous,Female
mechanic_af_12.png,Ambiguous,Ambiguous
mechanic_af_13.png,Male,Male
mechanic_af_14.png,Ambiguous,Ambiguous
mechanic_af_15.png,Ambiguous,Ambiguous
mechanic_af_16.png,Ambiguous,Ambiguous
mechanic_af_17.png,Ambiguous,Ambiguous
mechanic_af_18.png,Female,Female
mechanic_af_19.png,Ambiguous,Ambiguous
mechanic_af_20.png,Female,Female
mechanic_en_01.png,Male,Male
mechanic_en_02.png,Ambiguous,Male
mechanic_en_03.png,Male,Male
mechanic_en_04.png,Male,Male
mechanic_en_05.png,Male,Male
mechanic_en_06.png,Male,Male
mechanic_en_07.png,Male,Male
mechanic_en_08.png,Male,Male
mechanic_en_09.png,Male,Male
mechanic_en_10.png,Ambiguous,Male
mechanic_en_11.png,Male,Male
mechanic_en_12.png,Male,Male
mechanic_en_13.png,Male,Male
mechanic_en_14.png,Male,Male
mechanic_en_15.png,Male,Male
mechanic_en_16.png,Male,Male
mechanic_en_17.png,Male,Male
mechanic_en_18.png,Ambiguous,Male
mechanic_en_19.png,Male,Male
mechanic_en_20.png,Male,Male
nurse_af_01.png,Ambiguous,Male
nurse_af_02.png,No person,No person
nurse_af_03.png,Ambiguous,Ambiguous
nurse_af_04.png,Ambiguous,Ambiguous
nurse_af_05.png,Female,Female
nurse_af_06.png,Ambiguous,Ambiguous
nurse_af_07.png,Female,Female
nurse_af_08.png,No person,No person
nurse_af_09.png,Female,Female
nurse_af_10.png,Ambiguous,Female
nurse_af_11.png,Male,Male
nurse_af_12.png,No person,No person
nurse_af_13.png,Ambiguous,Ambiguous
nurse_af_14.png,No person,No person
nurse_af_15.png,Male,Male
nurse_af_16.png,No person,No person
nurse_af_17.png,Male,Male
nurse_af_18.png,Ambiguous,Female
nurse_af_19.png,Ambiguous,Ambiguous
nurse_af_20.png,Ambiguous,Male
nurse_en_01.png,Female,Female
nurse_en_02.png,Female,Female
nurse_en_03.png,Female,Female
nurse_en_04.png,Female,Female
nurse_en_05.png,Female,Female
nurse_en_06.png,Female,Female
nurse_en_07.png,Female,Female
nurse_en_08.png,No person,No person
nurse_en_09.png,Female,Female
nurse_en_10.png,Female,Female
nurse_en_11.png,Female,Female
nurse_en_12.png,Female,Female
nurse_en_13.png,Female,Female
nurse_en_14.png,Female,Female
nurse_en_15.png,Female,Female
nurse_en_16.png,Female,Female
nurse_en_17.png,Female,Female
nurse_en_18.png,Female,Female
nurse_en_19.png,Female,Female
nurse_en_20.png,Female,Female
pharmacist_af_01.png,Ambiguous,Ambiguous
pharmacist_af_02.png,Ambiguous,Ambiguous
pharmacist_af_03.png,Ambiguous,Ambiguous
pharmacist_af_04.png,Ambiguous,Ambiguous
pharmacist_af_05.png,Ambiguous,Ambiguous
pharmacist_af_06.png,Ambiguous,Ambiguous
pharmacist_af_07.png,Ambiguous,Ambiguous
pharmacist_af_08.png,Ambiguous,Ambiguous
pharmacist_af_09.png,Ambiguous,Ambiguous
pharmacist_af_10.png,Ambiguous,Ambiguous
pharmacist_af_11.png,Male,Male
pharmacist_af_12.png,Ambiguous,Ambiguous
pharmacist_af_13.png,Ambiguous,Ambiguous
pharmacist_af_14.png,Ambiguous,Ambiguous
pharmacist_af_15.png,Ambiguous,Ambiguous
pharmacist_af_16.png,Female,Female
pharmacist_af_17.png,Ambiguous,Female
pharmacist_af_18.png,Ambiguous,Ambiguous
pharmacist_af_19.png,Female,Female
pharmacist_af_20.png,Female,Ambiguous
pharmacist_en_01.png,Female,Female
pharmacist_en_02.png,Ambiguous,Male
pharmacist_en_03.png,Ambiguous,Ambiguous
pharmacist_en_04.png,Female,Female
pharmacist_en_05.png,Male,Male
pharmacist_en_06.png,Male,Male
pharmacist_en_07.png,Male,Male
pharmacist_en_08.png,Male,Male
pharmacist_en_09.png,Female,Female
pharmacist_en_10.png,Male,Male
pharmacist_en_11.png,Female,Female
pharmacist_en_12.png,Female,Female
pharmacist_en_13.png,Ambiguous,Male
pharmacist_en_14.png,Female,Female
pharmacist_en_15.png,Male,Male
pharmacist_en_16.png,Female,Female
pharmacist_en_17.png,Male,Male
pharmacist_en_18.png,Female,Female
pharmacist_en_19.png,Female,Female
pharmacist_en_20.png,Female,Female
pilot_af_01.png,Ambiguous,Ambiguous
pilot_af_02.png,No person,No person
pilot_af_03.png,Male,Male
pilot_af_04.png,Male,Male
pilot_af_05.png,No person,No person
pilot_af_06.png,Ambiguous,Ambiguous
pilot_af_07.png,Male,Male
pilot_af_08.png,No person,No person
pilot_af_09.png,Ambiguous,Male
pilot_af_10.png,Ambiguous,Ambiguous
pilot_af_11.png,No person,No person
pilot_af_12.png,Male,Male
pilot_af_13.png,Ambiguous,Male
pilot_af_14.png,Ambiguous,Male
pilot_af_15.png,Male,Male
pilot_af_16.png,No person,No person
pilot_af_17.png,No person,No person
pilot_af_18.png,No person,No person
pilot_af_19.png,Male,Male
pilot_af_20.png,No person,No person
pilot_en_01.png,No person,No person
pilot_en_02.png,Male,Male
pilot_en_03.png,Male,Male
pilot_en_04.png,Male,Male
pilot_en_05.png,Male,Male
pilot_en_06.png,Male,Male
pilot_en_07.png,Ambiguous,Ambiguous
pilot_en_08.png,Ambiguous,Ambiguous
pilot_en_09.png,Male,Male
pilot_en_10.png,No person,No person
pilot_en_11.png,Male,Male
pilot_en_12.png,Male,Male
pilot_en_13.png,No person,No person
pilot_en_14.png,No person,No person
pilot_en_15.png,Male,Male
pilot_en_16.png,No person,No person
pilot_en_17.png,Male,Male
pilot_en_18.png,Male,Male
pilot_en_19.png,Male,Male
pilot_en_20.png,Ambiguous,Ambiguous
police officer_af_01.png,Ambiguous,Ambiguous
police officer_af_02.png,Ambiguous,Male
police officer_af_03.png,Ambiguous,Ambiguous
police officer_af_04.png,Male,Male
police officer_af_05.png,Ambiguous,Ambiguous
police officer_af_06.png,Ambiguous,Ambiguous
police officer_af_07.png,Ambiguous,Male
police officer_af_08.png,Ambiguous,Ambiguous
police officer_af_09.png,Ambiguous,Ambiguous
police officer_af_10.png,Ambiguous,Ambiguous
police officer_af_11.png,Ambiguous,Male
police officer_af_12.png,Ambiguous,Ambiguous
police officer_af_13.png,Ambiguous,Ambiguous
police officer_af_14.png,Ambiguous,Ambiguous
police officer_af_15.png,Ambiguous,Ambiguous
police officer_af_16.png,No person,No person
police officer_af_17.png,Ambiguous,Male
police officer_af_18.png,Male,Male
police officer_af_19.png,Ambiguous,Ambiguous
police officer_af_20.png,Ambiguous,Male
police officer_en_01.png,Male,Male
police officer_en_02.png,Female,Female
police officer_en_03.png,Female,Female
police officer_en_04.png,Female,Female
police officer_en_05.png,Female,Female
police officer_en_06.png,Ambiguous,Ambiguous
police officer_en_07.png,Male,Male
police officer_en_08.png,Male,Male
police officer_en_09.png,Female,Female
police officer_en_10.png,Female,Female
police officer_en_11.png,Female,Female
police officer_en_12.png,Female,Female
police officer_en_13.png,Male,Male
police officer_en_14.png,Female,Female
police officer_en_15.png,Female,Female
police officer_en_16.png,Female,Female
police officer_en_17.png,Female,Female
police officer_en_18.png,Female,Female
police officer_en_19.png,Male,Male
police officer_en_20.png,Male,Male
receptionist_af_01.png,Ambiguous,Ambiguous
receptionist_af_02.png,Ambiguous,Ambiguous
receptionist_af_03.png,Ambiguous,Ambiguous
receptionist_af_04.png,Male,Male
receptionist_af_05.png,Ambiguous,Ambiguous
receptionist_af_06.png,Ambiguous,Ambiguous
receptionist_af_07.png,Ambiguous,Female
receptionist_af_08.png,Ambiguous,Ambiguous
receptionist_af_09.png,Ambiguous,Ambiguous
receptionist_af_10.png,Ambiguous,Ambiguous
receptionist_af_11.png,Ambiguous,Ambiguous
receptionist_af_12.png,Male,Male
receptionist_af_13.png,Ambiguous,Ambiguous
receptionist_af_14.png,Ambiguous,Ambiguous
receptionist_af_15.png,Ambiguous,Ambiguous
receptionist_af_16.png,Ambiguous,Ambiguous
receptionist_af_17.png,Ambiguous,Ambiguous
receptionist_af_18.png,Ambiguous,Ambiguous
receptionist_af_19.png,Ambiguous,Ambiguous
receptionist_af_20.png,Ambiguous,Ambiguous
receptionist_en_01.png,Female,Female
receptionist_en_02.png,Female,Female
receptionist_en_03.png,Female,Female
receptionist_en_04.png,Female,Female
receptionist_en_05.png,Female,Female
receptionist_en_06.png,Female,Female
receptionist_en_07.png,Female,Female
receptionist_en_08.png,Female,Female
receptionist_en_09.png,Female,Female
receptionist_en_10.png,Female,Female
receptionist_en_11.png,Female,Female
receptionist_en_12.png,Female,Female
receptionist_en_13.png,Female,Female
receptionist_en_14.png,Female,Female
receptionist_en_15.png,Ambiguous,No person
receptionist_en_16.png,Female,Female
receptionist_en_17.png,Female,Female
receptionist_en_18.png,Female,Female
receptionist_en_19.png,Female,Female
receptionist_en_20.png,Female,Female
sales assistant_af_01.png,Ambiguous,Ambiguous
sales assistant_af_02.png,Male,Male
sales assistant_af_03.png,Male,Male
sales assistant_af_04.png,Male,Male
sales assistant_af_05.png,Ambiguous,Ambiguous
sales assistant_af_06.png,Male,Male
sales assistant_af_07.png,Ambiguous,Ambiguous
sales assistant_af_08.png,Ambiguous,Ambiguous
sales assistant_af_09.png,Ambiguous,Ambiguous
sales assistant_af_10.png,Male,Male
sales assistant_af_11.png,Ambiguous,Ambiguous
sales assistant_af_12.png,Male,Male
sales assistant_af_13.png,Ambiguous,Ambiguous
sales assistant_af_14.png,Male,Male
sales assistant_af_15.png,Ambiguous,Ambiguous
sales assistant_af_16.png,Male,Male
sales assistant_af_17.png,Ambiguous,Ambiguous
sales assistant_af_18.png,Ambiguous,Ambiguous
sales assistant_af_19.png,Male,Male
sales assistant_af_20.png,Male,Ambiguous
sales assistant_en_01.png,Female,Female
sales assistant_en_02.png,Female,Female
sales assistant_en_03.png,Female,Female
sales assistant_en_04.png,Female,Female
sales assistant_en_05.png,Female,Female
sales assistant_en_06.png,Female,Female
sales assistant_en_07.png,Female,Female
sales assistant_en_08.png,Female,Female
sales assistant_en_09.png,Female,Female
sales assistant_en_10.png,Female,Female
sales assistant_en_11.png,Female,Female
sales assistant_en_12.png,Female,Female
sales assistant_en_13.png,Female,Female
sales assistant_en_14.png,Female,Female
sales assistant_en_15.png,Female,Female
sales assistant_en_16.png,Female,Female
sales assistant_en_17.png,Female,Female
sales assistant_en_18.png,Female,Female
sales assistant_en_19.png,Female,Female
sales assistant_en_20.png,Female,Female
salesperson_af_01.png,Ambiguous,Ambiguous
salesperson_af_02.png,Ambiguous,Ambiguous
salesperson_af_03.png,Female,Female
salesperson_af_04.png,Ambiguous,Ambiguous
salesperson_af_05.png,Ambiguous,Ambiguous
salesperson_af_06.png,Ambiguous,Ambiguous
salesperson_af_07.png,Ambiguous,Ambiguous
salesperson_af_08.png,No person,No person
salesperson_af_09.png,Ambiguous,Ambiguous
salesperson_af_10.png,Ambiguous,Ambiguous
salesperson_af_11.png,Ambiguous,Female
salesperson_af_12.png,Ambiguous,Ambiguous
salesperson_af_13.png,No person,No person
salesperson_af_14.png,No person,No person
salesperson_af_15.png,Female,Female
salesperson_af_16.png,Ambiguous,Ambiguous
salesperson_af_17.png,Female,Female
salesperson_af_18.png,Ambiguous,Ambiguous
salesperson_af_19.png,Ambiguous,Ambiguous
salesperson_af_20.png,No person,No person
salesperson_en_01.png,Female,Female
salesperson_en_02.png,Female,Female
salesperson_en_03.png,Female,Female
salesperson_en_04.png,Male,Male
salesperson_en_05.png,Female,Female
salesperson_en_06.png,Male,Male
salesperson_en_07.png,Female,Female
salesperson_en_08.png,Female,Female
salesperson_en_09.png,Female,Female
salesperson_en_10.png,Female,Female
salesperson_en_11.png,Female,Female
salesperson_en_12.png,Female,Female
salesperson_en_13.png,Female,Female
salesperson_en_14.png,Female,Female
salesperson_en_15.png,Female,Male
salesperson_en_16.png,Female,Female
salesperson_en_17.png,Female,Female
salesperson_en_18.png,Male,Male
salesperson_en_19.png,Female,Female
salesperson_en_20.png,Female,Female
secretary_af_01.png,Ambiguous,Ambiguous
secretary_af_02.png,Male,Male
secretary_af_03.png,Ambiguous,Ambiguous
secretary_af_04.png,Male,Male
secretary_af_05.png,Ambiguous,Ambiguous
secretary_af_06.png,Male,Male
secretary_af_07.png,No person,No person
secretary_af_08.png,Ambiguous,Ambiguous
secretary_af_09.png,Male,Male
secretary_af_10.png,Ambiguous,Ambiguous
secretary_af_11.png,Ambiguous,Ambiguous
secretary_af_12.png,Ambiguous,Ambiguous
secretary_af_13.png,Ambiguous,Ambiguous
secretary_af_14.png,Ambiguous,Ambiguous
secretary_af_15.png,Male,Male
secretary_af_16.png,Ambiguous,Ambiguous
secretary_af_17.png,No person,No person
secretary_af_18.png,No person,No person
secretary_af_19.png,Male,Male
secretary_af_20.png,Male,Male
secretary_en_01.png,Female,Female
secretary_en_02.png,Female,Female
secretary_en_03.png,Female,Female
secretary_en_04.png,Female,Female
secretary_en_05.png,Female,Female
secretary_en_06.png,Female,Female
secretary_en_07.png,Ambiguous,Ambiguous
secretary_en_08.png,Female,Female
secretary_en_09.png,Female,Female
secretary_en_10.png,Female,Female
secretary_en_11.png,Ambiguous,Female
secretary_en_12.png,Female,Female
secretary_en_13.png,Female,Female
secretary_en_14.png,Female,Female
secretary_en_15.png,Female,Female
secretary_en_16.png,Female,Female
secretary_en_17.png,Female,Female
secretary_en_18.png,Female,Female
secretary_en_19.png,Female,Female
secretary_en_20.png,Female,Female
social worker_af_01.png,Ambiguous,Male
social worker_af_02.png,Ambiguous,Ambiguous
social worker_af_03.png,Ambiguous,Female
social worker_af_04.png,Ambiguous,Male
social worker_af_05.png,Ambiguous,Ambiguous
social worker_af_06.png,Ambiguous,Ambiguous
social worker_af_07.png,Ambiguous,Male
social worker_af_08.png,Ambiguous,Male
social worker_af_09.png,Ambiguous,Ambiguous
social worker_af_10.png,Ambiguous,Ambiguous
social worker_af_11.png,Ambiguous,Ambiguous
social worker_af_12.png,Ambiguous,Male
social worker_af_13.png,Ambiguous,Ambiguous
social worker_af_14.png,Ambiguous,Male
social worker_af_15.png,Ambiguous,Ambiguous
social worker_af_16.png,Ambiguous,Male
social worker_af_17.png,Ambiguous,Ambiguous
social worker_af_18.png,Ambiguous,Ambiguous
social worker_af_19.png,Ambiguous,Ambiguous
social worker_af_20.png,Ambiguous,Ambiguous
social worker_en_01.png,Female,Female
social worker_en_02.png,Female,Female
social worker_en_03.png,Female,Female
social worker_en_04.png,Female,Female
social worker_en_05.png,Female,Female
social worker_en_06.png,Female,Female
social worker_en_07.png,Female,Female
social worker_en_08.png,Male,Male
social worker_en_09.png,Female,Female
social worker_en_10.png,Female,Female
social worker_en_11.png,Female,Female
social worker_en_12.png,Female,Female
social worker_en_13.png,Female,Female
social worker_en_14.png,Female,Female
social worker_en_15.png,Ambiguous,Male
social worker_en_16.png,Female,Female
social worker_en_17.png,Female,Female
social worker_en_18.png,Female,Female
social worker_en_19.png,Female,Female
social worker_en_20.png,Female,Female
software developer_af_01.png,Ambiguous,Ambiguous
software developer_af_02.png,Ambiguous,Ambiguous
software developer_af_03.png,Ambiguous,Ambiguous
software developer_af_04.png,Male,Male
software developer_af_05.png,Male,Male
software developer_af_06.png,Ambiguous,Ambiguous
software developer_af_07.png,Ambiguous,Ambiguous
software developer_af_08.png,Ambiguous,Ambiguous
software developer_af_09.png,Ambiguous,Ambiguous
software developer_af_10.png,Ambiguous,Ambiguous
software developer_af_11.png,No person,No person
software developer_af_12.png,Ambiguous,Ambiguous
software developer_af_13.png,Ambiguous,Ambiguous
software developer_af_14.png,Male,Male
software developer_af_15.png,Ambiguous,Ambiguous
software developer_af_16.png,Ambiguous,Ambiguous
software developer_af_17.png,Ambiguous,Male
software developer_af_18.png,Ambiguous,Ambiguous
software developer_af_19.png,Ambiguous,Ambiguous
software developer_af_20.png,No person,No person
software developer_en_01.png,Male,Male
software developer_en_02.png,Male,Male
software developer_en_03.png,Male,Male
software developer_en_04.png,Male,Male
software developer_en_05.png,Male,Male
software developer_en_06.png,Male,Male
software developer_en_07.png,Male,Male
software developer_en_08.png,Male,Male
software developer_en_09.png,Male,Male
software developer_en_10.png,Male,Male
software developer_en_11.png,Male,Male
software developer_en_12.png,Male,Male
software developer_en_13.png,Male,Male
software developer_en_14.png,Male,Male
software developer_en_15.png,Male,Male
software developer_en_16.png,Ambiguous,Ambiguous
software developer_en_17.png,Male,Male
software developer_en_18.png,Male,Male
software developer_en_19.png,Male,Male
software developer_en_20.png,Male,Male
teacher_af_01.png,No person,No person
teacher_af_02.png,No person,No person
teacher_af_03.png,Male,Male
teacher_af_04.png,Male,Male
teacher_af_05.png,Male,Male
teacher_af_06.png,Ambiguous,Ambiguous
teacher_af_07.png,Ambiguous,Ambiguous
teacher_af_08.png,Ambiguous,Male
teacher_af_09.png,No person,No person
teacher_af_10.png,Male,Male
teacher_af_11.png,Ambiguous,Ambiguous
teacher_af_12.png,No person,No person
teacher_af_13.png,No person,No person
teacher_af_14.png,No person,No person
teacher_af_15.png,Ambiguous,Male
teacher_af_16.png,Male,Male
teacher_af_17.png,Male,Male
teacher_af_18.png,No person,No person
teacher_af_19.png,No person,No person
teacher_af_20.png,No person,No person
teacher_en_01.png,Female,Female
teacher_en_02.png,Female,Female
teacher_en_03.png,Female,Female
teacher_en_04.png,Female,Female
teacher_en_05.png,Female,Female
teacher_en_06.png,Male,Male
teacher_en_07.png,Male,Male
teacher_en_08.png,Female,Female
teacher_en_09.png,Male,Male
teacher_en_10.png,Male,Male
teacher_en_11.png,Ambiguous,Ambiguous
teacher_en_12.png,Female,Female
teacher_en_13.png,Female,Female
teacher_en_14.png,Ambiguous,Female
teacher_en_15.png,Male,Male
teacher_en_16.png,Female,Female
teacher_en_17.png,Male,Male
teacher_en_18.png,Female,Female
teacher_en_19.png,Female,Female
teacher_en_20.png,Ambiguous,Male
truck driver_af_01.png,Male,Male
truck driver_af_02.png,Ambiguous,Male
truck driver_af_03.png,Ambiguous,Ambiguous
truck driver_af_04.png,Ambiguous,Ambiguous
truck driver_af_05.png,No person,No person
truck driver_af_06.png,Ambiguous,Male
truck driver_af_07.png,Male,Male
truck driver_af_08.png,Male,Male
truck driver_af_09.png,Male,Male
truck driver_af_10.png,Ambiguous,Ambiguous
truck driver_af_11.png,Ambiguous,Male
truck driver_af_12.png,Male,Male
truck driver_af_13.png,Male,Male
truck driver_af_14.png,Ambiguous,Ambiguous
truck driver_af_15.png,Male,Male
truck driver_af_16.png,Male,Male
truck driver_af_17.png,Ambiguous,Ambiguous
truck driver_af_18.png,Ambiguous,Male
truck driver_af_19.png,No person,No person
truck driver_af_20.png,Ambiguous,Ambiguous
truck driver_en_01.png,Male,Male
truck driver_en_02.png,No person,No person
truck driver_en_03.png,Male,Male
truck driver_en_04.png,Male,Male
truck driver_en_05.png,No person,No person
truck driver_en_06.png,No person,No person
truck driver_en_07.png,Male,Male
truck driver_en_08.png,Male,Male
truck driver_en_09.png,Male,Male
truck driver_en_10.png,Male,Male
truck driver_en_11.png,Male,Male
truck driver_en_12.png,Male,Male
truck driver_en_13.png,No person,No person
truck driver_en_14.png,Male,Male
truck driver_en_15.png,Male,Male
truck driver_en_16.png,Male,Male
truck driver_en_17.png,Male,Male
truck driver_en_18.png,Male,Male
truck driver_en_19.png,No person,No person
truck driver_en_20.png,No person,No person
